PDB,1062 to 1125 distance,1066 to 1129 distance,1058 to 1121 distance
1R0P,7.707967953087318,5.924736319751893,8.131246750371623
2G15,7.804705133256279,5.716036207297395,8.469983317380649
1R1W,7.710256442788541,5.924262877682163,8.253677652924162
2RFN,8.483464277746068,6.301205000844923,8.356540701512566
2WD1,7.669190626427818,5.84103392698419,8.120060645926054
2WGJ,7.803276265220354,6.919214649850128,9.094703549723873
3CCN,9.413973396667497,6.937089347771891,9.041297830836363
3CD8,9.296115202095717,7.170554032501424,9.499997598464384
3CE3,11.401628380253914,7.404914361690274,9.973574314685619
3CTH,12.268015766502778,7.341596923659565,10.963447890249926
3CTJ,10.380692630770282,7.008377475252617,8.797368952076033
3DKC,7.661056668374343,5.93208015133847,8.546733000315383
3DKF,7.611505080691967,6.204215834505583,8.102495455335475
3DKG,7.649619349855007,6.097655522789238,8.248308602881812
3EFJ,8.44542486082406,6.445894601294219,8.68048080746035
3EFK,8.238233602220733,6.0308482150474205,8.43949096845425
3F66,8.083068413779147,5.735258007446548,8.428097257994297
3F82,7.784612619434525,6.466072465065662,8.72078366365017
3I5N,9.401490851290356,7.068106305025958,9.239436282893669
3L8V,7.675651030870171,6.532163051974255,8.257873067811097
3LQ8,7.352414448293804,6.598799988130911,8.650318120688253
3Q6U,7.848792438560676,6.693525249783059,8.364564265292346
3Q6W,7.833073378541987,6.723573777702634,8.636095944121317
3QTI,9.056453976679787,6.908256741212133,8.10926377170511
3R7O,7.652403599524529,6.771440962817857,8.582253569043555
3RHK,7.496527058552352,6.329509057064717,8.576731341096382
3U6H,7.8468565017151075,6.073062753527038,8.258602378145085
3U6I,7.904802618213906,6.023826464284923,8.747993737402595
3VW8,7.757517530018382,6.462229805791639,8.770029392630668
3ZC5,7.76901256689491,7.0198985113855255,9.03490785407174
3ZCL,7.727488441645267,6.993542320541664,8.847314083399159
3ZXZ,7.7764125448126125,6.984814654067308,9.458255060708366
4AOI,7.77478496052386,7.01305568418048,9.310420136990729
4AP7,7.829856284942469,6.891533659157042,9.011447049386545
4DEG,9.396830924931287,7.039806930089661,9.40945665736764
4DEH,9.328035569911203,6.992436602328621,9.486467150813697
4DEI,9.434636877834473,7.0388633921448776,9.219115255078954
4EEV,7.730100413002178,6.765746721825413,8.870290589846212
4IWD,7.846529510833001,6.572623821133716,8.677629978667287
4MXC,7.784022083134971,6.575797446522696,8.60883426848643
4R1V,7.707585560637939,5.869619454249735,8.25090256726911
4XMO,9.353593347483395,6.9657823448301155,9.445105851142136
4XYF,9.367977284670058,6.836168137402208,9.426682147197571
5DG5,7.782259116736483,6.853009071320654,8.382358593739216
5EOB,7.763855498975912,6.005971757876972,8.269184867574928
5EYC,9.43750494904166,6.909028742542517,9.429429143492342
5EYD,9.379904268790883,6.969308914625086,9.398991225452829
5HLW,7.409481416391472,5.928827201235357,8.417577542229052
5HTI,7.786599993924782,6.7210264944367415,8.628020967885229
5T3Q,7.931174944509626,6.019582992413957,8.18603041502489
6SDC,7.700797173916275,6.674579167510931,8.552296917342925
7B3Z,8.028687623257353,5.977340402164285,8.546039438999642
7B3Q,7.8557947165525555,5.836930238527295,8.54047738304348
7B42,8.259925139746354,6.019835156772491,8.673774227984289
7B41,8.19931029105659,6.006572534926205,8.553317297746167
7B44,7.8135572799786965,5.890387661625782,8.53286869559539
7B43,7.964876837223475,6.131797992551063,8.556096958807814
7B3V,7.784505138957525,5.9346379641610705,8.419362071718112
7B40,7.925056930478411,5.9588977108503105,8.592680720787058
7V3R,7.736589763522291,6.661677850090918,8.602705155087174
7V3S,7.754741306003118,6.653844218467569,8.589449244395723
8ANS,13.48292241622502,6.480956429995471,15.999892699367056
